,Company_name,Rating,Map,Phpne,Business_type,Address,Open_time,Website,Extraction Date
0,Unique Furniture Kenya (Nairobi Branch),4.9(153),https://www.google.com/maps/place/Unique+Furniture+Kenya+%28Nairobi+Branch%29/data=!4m7!3m6!1s0x182f110d0720895d:0x71abf2960262f062!8m2!3d-1.3271256!4d36.8501777!16s%2Fg%2F11b5phv7k8!19sChIJXYkgBw0RLxgRYvBiApbyq3E?authuser=0&hl=am&rclk=1,+254 703 639703,የቤት ዕቃዎች መደብር,"·MRFX+5X5 Kelico Complex, Mombasa Road",['N/A'],N/A,2025-04-26
1,Mufasa Furniture and Deco Ltd,5.0(433),https://www.google.com/maps/place/Mufasa+Furniture+and+Deco+Ltd/data=!4m7!3m6!1s0x182f17b92492f74d:0xfc83a5c7dd070fe0!8m2!3d-1.2772352!4d36.8290566!16s%2Fg%2F11qrs_5wxr!19sChIJTfeSJLkXLxgR4A8H3celg_w?authuser=0&hl=am&rclk=1,+254 722 490643,የቤት ዕቃዎች መደብር,·Ytl Building ( Tigoni Centre) 5th Floor,['N/A'],N/A,2025-04-26
2,Tangerine Furniture,4.5(466),https://www.google.com/maps/place/Tangerine+Furniture/data=!4m7!3m6!1s0x182f172a0b099e43:0xfee1fb363ff66139!8m2!3d-1.3355625!4d36.8964344!16s%2Fg%2F11c1pcc5dz!19sChIJQ54JCyoXLxgROWH2Pzb74f4?authuser=0&hl=am&rclk=1,+254 791 708894,የቤት ዕቃዎች መደብር,N/A,['N/A'],N/A,2025-04-26
3,ODDS & ENDS,"4.5(1,461)",https://www.google.com/maps/place/ODDS+%26+ENDS/data=!4m7!3m6!1s0x182f11ec4df7a811:0x10f6d0395e6f0676!8m2!3d-1.3314453!4d36.8634496!16s%2Fg%2F1pzq_14z_!19sChIJEaj3TewRLxgRdgZvXjnQ9hA?authuser=0&hl=am&rclk=1,+254 737 771717,የቤት ዕቃዎች መደብር,·Mombasa Road,['N/A'],N/A,2025-04-26
4,Victoria Furnitures Ltd,4.3(424),https://www.google.com/maps/place/Victoria+Furnitures+Ltd/data=!4m7!3m6!1s0x182f171506626589:0x24f57d78ef7c71f3!8m2!3d-1.2627815!4d36.8058661!16s%2Fg%2F1pztnmcd6!19sChIJiWViBhUXLxgR83F873h99SQ?authuser=0&hl=am&rclk=1,+254 705 918145,የቢሮ ዕቃዎች መደብር,"·Victoria Courts, Parklands Rd",['N/A'],N/A,2025-04-26
5,Furniture Palace (Int) K Ltd.,4.2(214),https://www.google.com/maps/place/Furniture+Palace+%28Int%29+K+Ltd./data=!4m7!3m6!1s0x182f11ead1d17175:0x75b5ff5b432e720f!8m2!3d-1.3261968!4d36.8485822!16s%2Fg%2F11g9vsyh_f!19sChIJdXHR0eoRLxgRD3IuQ1v_tXU?authuser=0&hl=am&rclk=1,+254 722 201201,የቤት ዕቃዎች መደብር,"·DTB Centre, Mombasa Road",['N/A'],N/A,2025-04-26
6,Naifur designs(Nairobi furniture),4.8(24),https://www.google.com/maps/place/Naifur+designs%28Nairobi+furniture%29/data=!4m7!3m6!1s0x182f6dbffcca1ee7:0x9f8dacc3dad409b1!8m2!3d-1.2865629!4d36.9790609!16s%2Fg%2F11qpm4yl_7!19sChIJ5x7K_L9tLxgRsQnU2sOsjZ8?authuser=0&hl=am&rclk=1,+254 791 374385,የቤት ዕቃዎች መደብር,·Bakhita - Crescent Road,['N/A'],N/A,2025-04-26
7,Furniture Elegance Ltd,4.4(39),https://www.google.com/maps/place/Furniture+Elegance+Ltd/data=!4m7!3m6!1s0x182f1729c27bee91:0xdb9ff6be6c624ffc!8m2!3d-1.276993!4d36.821598!16s%2Fg%2F1thzy83m!19sChIJke57wikXLxgR_E9ibL72n9s?authuser=0&hl=am&rclk=1,+254 702 842500,የቤት ዕቃ አከፋፋይ,·Murang'a Rd,['N/A'],N/A,2025-04-26
8,Royalview Furniture kenya,4.2(5),https://www.google.com/maps/place/Royalview+Furniture+kenya/data=!4m7!3m6!1s0x182f17a2daf5cd13:0x5ad5404fc323e4c7!8m2!3d-1.2777006!4d36.8291119!16s%2Fg%2F11h_wn20pz!19sChIJE8312qIXLxgRx-Qjw09A1Vo?authuser=0&hl=am&rclk=1,+254 726 429320,የቤት ዕቃዎች መደብር,"·Nellea plaza, Ngara Rd","['ቅዳሜ: 7ጥዋት–7ከሰዓት', 'እሑድ: 10ጥዋት–6ከሰዓት', 'ሰኞ: 7ጥዋት–7ከሰዓት', 'ማክሰኞ: 7ጥዋት–7ከሰዓት', 'ረቡዕ: 7ጥዋት–7ከሰዓት', 'ሐሙስ(Labour Day): 7ጥዋት–7ከሰዓትሰዓታት የተለያዩ ሊሆኑ ይችላሉ', 'ዓርብ: 7ጥዋት–7ከሰዓት']",http://www.naifurdesigns.com/,2025-04-26
9,Dignity Furniture Showroom - Langata Branch,4.5(319),https://www.google.com/maps/place/Dignity+Furniture+Showroom+-+Langata+Branch/data=!4m7!3m6!1s0x182f11627b287db5:0xff4663b902fe0cec!8m2!3d-1.3293537!4d36.804747!16s%2Fg%2F11g0tv3jhk!19sChIJtX0oe2IRLxgR7Az-ArljRv8?authuser=0&hl=am&rclk=1,+254 754 666333,የቤት ዕቃዎች መደብር,·Langata Rd,"['ቅዳሜ: 7ጥዋት–7ከሰዓት', 'እሑድ: 10ጥዋት–6ከሰዓት', 'ሰኞ: 7ጥዋት–7ከሰዓት', 'ማክሰኞ: 7ጥዋት–7ከሰዓት', 'ረቡዕ: 7ጥዋት–7ከሰዓት', 'ሐሙስ(Labour Day): 7ጥዋት–7ከሰዓትሰዓታት የተለያዩ ሊሆኑ ይችላሉ', 'ዓርብ: 7ጥዋት–7ከሰዓት']",http://www.naifurdesigns.com/,2025-04-26
10,Furniture Palace (Int) K Ltd - 96 Riverside,4.2(241),https://www.google.com/maps/place/Furniture+Palace+%28Int%29+K+Ltd+-+96+Riverside/data=!4m7!3m6!1s0x182f175b4759c699:0x9d867b191e972a20!8m2!3d-1.2691716!4d36.7916711!16s%2Fg%2F11c713f0xv!19sChIJmcZZR1sXLxgRICqXHhl7hp0?authuser=0&hl=am&rclk=1,+254 780 501503,የቤት ዕቃዎች መደብር,N/A,"['ቅዳሜ: 7ጥዋት–7ከሰዓት', 'እሑድ: 10ጥዋት–6ከሰዓት', 'ሰኞ: 7ጥዋት–7ከሰዓት', 'ማክሰኞ: 7ጥዋት–7ከሰዓት', 'ረቡዕ: 7ጥዋት–7ከሰዓት', 'ሐሙስ(Labour Day): 7ጥዋት–7ከሰዓትሰዓታት የተለያዩ ሊሆኑ ይችላሉ', 'ዓርብ: 7ጥዋት–7ከሰዓት']",http://www.naifurdesigns.com/,2025-04-26
11,Victoria Homestore - Westlands HQ,"4.9(1,187)",https://www.google.com/maps/place/Victoria+Homestore+-+Westlands+HQ/data=!4m7!3m6!1s0x182f1733836665dd:0x20e4df656c9483f!8m2!3d-1.262745!4d36.8058967!16s%2Fg%2F11jnvr0hbx!19sChIJ3WVmgzMXLxgRP0jJVvZNDgI?authuser=0&hl=am&rclk=1,+254 709 120120,የቤት ዕቃዎች መደብር,"·Westlands, Parklands road","['ቅዳሜ: 7ጥዋት–7ከሰዓት', 'እሑድ: 10ጥዋት–6ከሰዓት', 'ሰኞ: 7ጥዋት–7ከሰዓት', 'ማክሰኞ: 7ጥዋት–7ከሰዓት', 'ረቡዕ: 7ጥዋት–7ከሰዓት', 'ሐሙስ(Labour Day): 7ጥዋት–7ከሰዓትሰዓታት የተለያዩ ሊሆኑ ይችላሉ', 'ዓርብ: 7ጥዋት–7ከሰዓት']",http://www.naifurdesigns.com/,2025-04-26
12,Palais Eleganza,4.8(88),https://www.google.com/maps/place/Palais+Eleganza/data=!4m7!3m6!1s0x182f10bdfea4585b:0x904eceb606f5bb8b!8m2!3d-1.2948128!4d36.7976796!16s%2Fg%2F11cn94d32d!19sChIJW1ik_r0QLxgRi7v1BrbOTpA?authuser=0&hl=am&rclk=1,+254 724 132218,የቤት ዕቃዎች መደብር,N/A,"['ቅዳሜ: 7ጥዋት–7ከሰዓት', 'እሑድ: 10ጥዋት–6ከሰዓት', 'ሰኞ: 7ጥዋት–7ከሰዓት', 'ማክሰኞ: 7ጥዋት–7ከሰዓት', 'ረቡዕ: 7ጥዋት–7ከሰዓት', 'ሐሙስ(Labour Day): 7ጥዋት–7ከሰዓትሰዓታት የተለያዩ ሊሆኑ ይችላሉ', 'ዓርብ: 7ጥዋት–7ከሰዓት']",http://www.naifurdesigns.com/,2025-04-26
13,Furniture Palace Kenya - Avenue 19,4.4(172),https://www.google.com/maps/place/Furniture+Palace+Kenya+-+Avenue+19/data=!4m7!3m6!1s0x182f193d76689f6f:0x21d4b9f8af0c0220!8m2!3d-1.2650384!4d36.763423!16s%2Fg%2F11j8sn_8ll!19sChIJb59odj0ZLxgRIAIMr_i51CE?authuser=0&hl=am&rclk=1,+254 101 505507,የቤት ዕቃዎች መደብር,"·Avenue 19, off Musa Gitau Rd","['ቅዳሜ: 7ጥዋት–7ከሰዓት', 'እሑድ: 10ጥዋት–6ከሰዓት', 'ሰኞ: 7ጥዋት–7ከሰዓት', 'ማክሰኞ: 7ጥዋት–7ከሰዓት', 'ረቡዕ: 7ጥዋት–7ከሰዓት', 'ሐሙስ(Labour Day): 7ጥዋት–7ከሰዓትሰዓታት የተለያዩ ሊሆኑ ይችላሉ', 'ዓርብ: 7ጥዋት–7ከሰዓት']",http://www.naifurdesigns.com/,2025-04-26
14,Kenty Furnitures | Recliner Seats for sale Nairobi Kenya | Outdoor furniture Nairobi,5.0(36),https://www.google.com/maps/place/Kenty+Furnitures+%7C+Recliner+Seats+for+sale+Nairobi+Kenya+%7C+Outdoor+furniture+Nairobi/data=!4m7!3m6!1s0x182f135fa3545a2f:0xdc5ee4a67d96edea!8m2!3d-1.2700616!4d36.9775368!16s%2Fg%2F11fmqbc_1d!19sChIJL1pUo18TLxgR6u2WfabkXtw?authuser=0&hl=am&rclk=1,+254 723 475148,የቢሮ ዕቃዎች መደብር,"·Rubis Utawala, Utawala Along Eastern Bypass","['ቅዳሜ: 7ጥዋት–7ከሰዓት', 'እሑድ: 10ጥዋት–6ከሰዓት', 'ሰኞ: 7ጥዋት–7ከሰዓት', 'ማክሰኞ: 7ጥዋት–7ከሰዓት', 'ረቡዕ: 7ጥዋት–7ከሰዓት', 'ሐሙስ(Labour Day): 7ጥዋት–7ከሰዓትሰዓታት የተለያዩ ሊሆኑ ይችላሉ', 'ዓርብ: 7ጥዋት–7ከሰዓት']",http://www.naifurdesigns.com/,2025-04-26
15,Fairdeal Furniture/Ashley Furniture HomeStore - Sarit Center Mall,4.8(193),https://www.google.com/maps/place/Fairdeal+Furniture%2FAshley+Furniture+HomeStore+-+Sarit+Center+Mall/data=!4m7!3m6!1s0x182f1723d6108eeb:0xd0195dc030d6c807!8m2!3d-1.2614886!4d36.8039368!16s%2Fg%2F11hy_wy6zq!19sChIJ644Q1iMXLxgRB8jWMMBdGdA?authuser=0&hl=am&rclk=1,+254 105 101010,የቢሮ ዕቃዎች መደብር,·Karuna Rd,"['ቅዳሜ: 7ጥዋት–7ከሰዓት', 'እሑድ: 10ጥዋት–6ከሰዓት', 'ሰኞ: 7ጥዋት–7ከሰዓት', 'ማክሰኞ: 7ጥዋት–7ከሰዓት', 'ረቡዕ: 7ጥዋት–7ከሰዓት', 'ሐሙስ(Labour Day): 7ጥዋት–7ከሰዓትሰዓታት የተለያዩ ሊሆኑ ይችላሉ', 'ዓርብ: 7ጥዋት–7ከሰዓት']",http://www.naifurdesigns.com/,2025-04-26
16,The Furniture Guys Nairobi,5.0(15),https://www.google.com/maps/place/The+Furniture+Guys+Nairobi/data=!4m7!3m6!1s0x182f1122e452e23f:0x7f11a1e90738b927!8m2!3d-1.3047326!4d36.8878108!16s%2Fg%2F11srr0wgjm!19sChIJP-JS5CIRLxgRJ7k4B-mhEX8?authuser=0&hl=am&rclk=1,+254 114 125620,የቤት ዕቃዎች መደብር,·Outer Ring Rd,"['ቅዳሜ: 7ጥዋት–7ከሰዓት', 'እሑድ: 10ጥዋት–6ከሰዓት', 'ሰኞ: 7ጥዋት–7ከሰዓት', 'ማክሰኞ: 7ጥዋት–7ከሰዓት', 'ረቡዕ: 7ጥዋት–7ከሰዓት', 'ሐሙስ(Labour Day): 7ጥዋት–7ከሰዓትሰዓታት የተለያዩ ሊሆኑ ይችላሉ', 'ዓርብ: 7ጥዋት–7ከሰዓት']",http://www.naifurdesigns.com/,2025-04-26
17,Little Cribs,4.5(170),https://www.google.com/maps/place/Little+Cribs/data=!4m7!3m6!1s0x182f1a111a64d3fb:0x297b24dd5fb00d92!8m2!3d-1.260611!4d36.801423!16s%2Fg%2F1ptwc0lvj!19sChIJ-9NkGhEaLxgRkg2wX90keyk?authuser=0&hl=am&rclk=1,+254 706 395631,የቤት ዕቃዎች መደብር,N/A,"['ቅዳሜ: 10ጥዋት–7ከሰዓት', 'እሑድ: 10ጥዋት–6ከሰዓት', 'ሰኞ: 10ጥዋት–7ከሰዓት', 'ማክሰኞ: 10ጥዋት–7ከሰዓት', 'ረቡዕ: 10ጥዋት–7ከሰዓት', 'ሐሙስ(Labour Day): 10ጥዋት–7ከሰዓትሰዓታት የተለያዩ ሊሆኑ ይችላሉ', 'ዓርብ: 10ጥዋት–7ከሰዓት']",N/A,2025-04-26
18,"Joyhome Furniture Store, Nairobi",4.6(29),"https://www.google.com/maps/place/Joyhome+Furniture+Store,+Nairobi/data=!4m7!3m6!1s0x182f110351c26fcb:0x9e4626b1d2224371!8m2!3d-1.3232573!4d36.8441332!16s%2Fg%2F11tn7hnypy!19sChIJy2_CUQMRLxgRcUMi0rEmRp4?authuser=0&hl=am&rclk=1",+254 790 811811,የቤት ዕቃዎች መደብር,·Nextgen Mall,"['ቅዳሜ: 9:30ጥዋት–6ከሰዓት', 'እሑድ: 10ጥዋት–3ከሰዓት', 'ሰኞ: 9:30ጥዋት–6ከሰዓት', 'ማክሰኞ: 9:30ጥዋት–6ከሰዓት', 'ረቡዕ: 9:30ጥዋት–6ከሰዓት', 'ሐሙስ(Labour Day): 9:30ጥዋት–6ከሰዓትሰዓታት የተለያዩ ሊሆኑ ይችላሉ', 'ዓርብ: 9:30ጥዋት–6ከሰዓት']",https://joyhomefurniture.co.ke/,2025-04-26
19,Furniture Palace (Intl) Kenya Ltd,4.2(19),https://www.google.com/maps/place/Furniture+Palace+%28Intl%29+Kenya+Ltd/data=!4m7!3m6!1s0x182f1b7b20b13c9d:0x4b957956aafa0cd!8m2!3d-1.3204193!4d36.7042895!16s%2Fg%2F11f57fjczg!19sChIJnTyxIHsbLxgRzaCvapVXuQQ?authuser=0&hl=am&rclk=1,+254 780 501501,የቤት ዕቃዎች መደብር,·Nairobi KE Dagoretti Road,"['ቅዳሜ: 10:30ጥዋት–8ከሰዓት', 'እሑድ: 10:30ጥዋት–7ከሰዓት', 'ሰኞ: 10:30ጥዋት–8ከሰዓት', 'ማክሰኞ: 10:30ጥዋት–8ከሰዓት', 'ረቡዕ: 10:30ጥዋት–8ከሰዓት', 'ሐሙስ(Labour Day): 10:30ጥዋት–8ከሰዓትሰዓታት የተለያዩ ሊሆኑ ይችላሉ', 'ዓርብ: 10:30ጥዋት–8ከሰዓት']",N/A,2025-04-26
20,Furniture & Garden,5.0(46),https://www.google.com/maps/place/Furniture+%26+Garden/data=!4m7!3m6!1s0x182f3fc76bbee56d:0xc29fe9f0be9e61d2!8m2!3d-1.2088334!4d36.8782721!16s%2Fg%2F11sjgbkx5m!19sChIJbeW-a8c_LxgR0mGevvDpn8I?authuser=0&hl=am&rclk=1,+254 712 890435,የቤት ዕቃዎች መደብር,N/A,"['ቅዳሜ: 9ጥዋት–7ከሰዓት', 'እሑድ: Closed', 'ሰኞ: 9ጥዋት–7ከሰዓት', 'ማክሰኞ: 9ጥዋት–7ከሰዓት', 'ረቡዕ: 9ጥዋት–7ከሰዓት', 'ሐሙስ(Labour Day): 9ጥዋት–7ከሰዓትሰዓታት የተለያዩ ሊሆኑ ይችላሉ', 'ዓርብ: 9ጥዋት–7ከሰዓት']",https://furnitureandgarden.co.ke/,2025-04-26
21,Rosewood Furniture Manufacturers Limited,4.5(73),https://www.google.com/maps/place/Rosewood+Furniture+Manufacturers+Limited/data=!4m7!3m6!1s0x182f173bda51eb87:0xd0dc81c5112bc25b!8m2!3d-1.2704757!4d36.8075865!16s%2Fg%2F11b75dn_hw!19sChIJh-tR2jsXLxgRW8IrEcWB3NA?authuser=0&hl=am&rclk=1,+254 722 205134,የቢሮ ዕቃዎች መደብር,"·After the Mirage, Business Park, Chiromo Rd","['ቅዳሜ: Closed', 'እሑድ: Closed', 'ሰኞ: 8ጥዋት–5:30ከሰዓት', 'ማክሰኞ: 8ጥዋት–5:30ከሰዓት', 'ረቡዕ: 8ጥዋት–5:30ከሰዓት', 'ሐሙስ(Labour Day): 8ጥዋት–5:30ከሰዓትሰዓታት የተለያዩ ሊሆኑ ይችላሉ', 'ዓርብ: 8ጥዋት–4:30ከሰዓት']",http://www.rosewood.co.ke/,2025-04-26
22,Odds & Ends,4.2(325),https://www.google.com/maps/place/Odds+%26+Ends/data=!4m7!3m6!1s0x182f174865541887:0x760dc7ce882408e2!8m2!3d-1.2620809!4d36.8043659!16s%2Fg%2F1pzrn4cgz!19sChIJhxhUZUgXLxgR4ggkiM7HDXY?authuser=0&hl=am&rclk=1,+254 737 771414,የቤት ዕቃዎች መደብር,"·Corner Plaza, Parklands Rd","['ቅዳሜ: 9ጥዋት–4:30ከሰዓት', 'እሑድ: 11ጥዋት–4ከሰዓት', 'ሰኞ: 9ጥዋት–5:30ከሰዓት', 'ማክሰኞ: 9ጥዋት–5:30ከሰዓት', 'ረቡዕ: 9ጥዋት–5:30ከሰዓት', 'ሐሙስ(Labour Day): 9ጥዋት–5:30ከሰዓትሰዓታት የተለያዩ ሊሆኑ ይችላሉ', 'ዓርብ: 9ጥዋት–5:30ከሰዓት']",https://www.oddskenya.com/,2025-04-26
23,OCEANIA FURNITURE,4.9(19),https://www.google.com/maps/place/OCEANIA+FURNITURE/data=!4m7!3m6!1s0x182f177df2fb8647:0xe0237988db58875c!8m2!3d-1.270416!4d36.8311107!16s%2Fg%2F11np0rp4h_!19sChIJR4b78n0XLxgRXIdY24h5I-A?authuser=0&hl=am&rclk=1,+254 706 325885,የቤት ዕቃዎች መደብር,·Murang'a Road (Before Seldom Hotel) adjacent to Matuto Mwalimu Motors,"['ቅዳሜ: 8ጥዋት–6ከሰዓት', 'እሑድ: Closed', 'ሰኞ: 8ጥዋት–6ከሰዓት', 'ማክሰኞ: 8ጥዋት–6ከሰዓት', 'ረቡዕ: 8ጥዋት–6ከሰዓት', 'ሐሙስ(Labour Day): 8ጥዋት–6ከሰዓትሰዓታት የተለያዩ ሊሆኑ ይችላሉ', 'ዓርብ: 8ጥዋት–6ከሰዓት']",https://www.instagram.com/oceania_furniture?igsh=MTI3YmFkN2VuOHlrZg==,2025-04-26
24,Dignity Furniture Showroom - Thika Road Branch,4.5(94),https://www.google.com/maps/place/Dignity+Furniture+Showroom+-+Thika+Road+Branch/data=!4m7!3m6!1s0x182f3fc41b7c3c3f:0x99b3cce94fad89f4!8m2!3d-1.170038!4d36.949838!16s%2Fg%2F11r4pxgm69!19sChIJPzx8G8Q_LxgR9ImtT-nMs5k?authuser=0&hl=am&rclk=1,+254 795 200300,የቤት ዕቃዎች መደብር,"·Trax Complex, Next to Kenya Clay Works, Exit 10 or Unicity Exit, Thika Rd","['ቅዳሜ: 9ጥዋት–5ከሰዓት', 'እሑድ: Closed', 'ሰኞ: 9ጥዋት–5ከሰዓት', 'ማክሰኞ: 9ጥዋት–5ከሰዓት', 'ረቡዕ: 9ጥዋት–5ከሰዓት', 'ሐሙስ(Labour Day): 9ጥዋት–5ከሰዓትሰዓታት የተለያዩ ሊሆኑ ይችላሉ', 'ዓርብ: 9ጥዋት–5ከሰዓት']",http://www.dignity.co.ke/,2025-04-26
25,Victoria Furnitures Ltd,4.5(42),https://www.google.com/maps/place/Victoria+Furnitures+Ltd/data=!4m7!3m6!1s0x182f10d15fbe05f9:0x6b1f5a185566a595!8m2!3d-1.2836145!4d36.8183954!16s%2Fg%2F1trl7j87!19sChIJ-QW-X9EQLxgRlaVmVRhaH2s?authuser=0&hl=am&rclk=1,+254 20 312913,የቤት ዕቃዎች መደብር,·15 Koinange St,"['ቅዳሜ: 9ጥዋት–1ከሰዓት', 'እሑድ: Closed', 'ሰኞ: 8ጥዋት–5ከሰዓት', 'ማክሰኞ: 8ጥዋት–5ከሰዓት', 'ረቡዕ: 8ጥዋት–5ከሰዓት', 'ሐሙስ(Labour Day): 8ጥዋት–5ከሰዓትሰዓታት የተለያዩ ሊሆኑ ይችላሉ', 'ዓርብ: 8ጥዋት–5ከሰዓት']",http://www.victoriafurnitures.com/,2025-04-26
26,I Home Kenya Ltd,3.8(25),https://www.google.com/maps/place/I+Home+Kenya+Ltd/data=!4m7!3m6!1s0x182f13238571facd:0x7bcc2355bf90d94e!8m2!3d-1.3356035!4d36.8918952!16s%2Fg%2F11gnsb_wr9!19sChIJzfpxhSMTLxgRTtmQv1UjzHs?authuser=0&hl=am&rclk=1,+254 758 598186,የቤት ዕቃዎች መደብር,"·178 Mombasa Road, City Cabanus","['ቅዳሜ: 9ጥዋት–5ከሰዓት', 'እሑድ: 10ጥዋት–5ከሰዓት', 'ሰኞ: 9ጥዋት–5ከሰዓት', 'ማክሰኞ: 9ጥዋት–5ከሰዓት', 'ረቡዕ: 9ጥዋት–5ከሰዓት', 'ሐሙስ(Labour Day): 9ጥዋት–5ከሰዓትሰዓታት የተለያዩ ሊሆኑ ይችላሉ', 'ዓርብ: 9ጥዋት–5ከሰዓት']",http://www.ihomekenya.com/,2025-04-26
27,Theme Wood Furniture (House of Furniture),4.9(7),https://www.google.com/maps/place/Theme+Wood+Furniture+%28House+of+Furniture%29/data=!4m7!3m6!1s0x182f11e5188b16e9:0x3b2ed2dd0ce6bf9c!8m2!3d-1.2986863!4d36.8008768!16s%2Fg%2F11tg0t_grm!19sChIJ6RaLGOURLxgRnL_mDN3SLjs?authuser=0&hl=am&rclk=1,+254 705 973403,የቤት ዕቃዎች መደብር,"·Ngong Road, Opp. Nairobi Baptist Church","['ቅዳሜ: 8ጥዋት–6ከሰዓት', 'እሑድ: Closed', 'ሰኞ: 8ጥዋት–6ከሰዓት', 'ማክሰኞ: 8ጥዋት–6ከሰዓት', 'ረቡዕ: 8ጥዋት–6ከሰዓት', 'ሐሙስ(Labour Day): 8ጥዋት–6ከሰዓትሰዓታት የተለያዩ ሊሆኑ ይችላሉ', 'ዓርብ: 8ጥዋት–6ከሰዓት']",http://www.themewoodfurniture.com/,2025-04-26
28,Furniture Elegance Ltd,4.8(28),https://www.google.com/maps/place/Furniture+Elegance+Ltd/data=!4m7!3m6!1s0x182f10e274f4b0d5:0xf7da94dca78be9c0!8m2!3d-1.2998064!4d36.8247889!16s%2Fg%2F1vcvllgp!19sChIJ1bD0dOIQLxgRwOmLp9yU2vc?authuser=0&hl=am&rclk=1,+254 705 824455,የቤት ዕቃዎች መደብር,N/A,"['ቅዳሜ: 9ጥዋት–4ከሰዓት', 'እሑድ: 11ጥዋት–2ከሰዓት', 'ሰኞ: 9ጥዋት–6ከሰዓት', 'ማክሰኞ: 9ጥዋት–6ከሰዓት', 'ረቡዕ: 9ጥዋት–6ከሰዓት', 'ሐሙስ(Labour Day): 9ጥዋት–6ከሰዓትሰዓታት የተለያዩ ሊሆኑ ይችላሉ', 'ዓርብ: 9ጥዋት–6ከሰዓት']",https://elegance.co.ke/,2025-04-26
29,"Fairdeal Furniture/Ashley Furniture HomeStore - Kellico Complex, Mombasa Road",4.7(746),"https://www.google.com/maps/place/Fairdeal+Furniture%2FAshley+Furniture+HomeStore+-+Kellico+Complex,+Mombasa+Road/data=!4m7!3m6!1s0x182f112f5c88d4ed:0x4d5a17a509e3b38f!8m2!3d-1.3268006!4d36.8496579!16s%2Fg%2F11hf4s6gq7!19sChIJ7dSIXC8RLxgRj7PjCaUXWk0?authuser=0&hl=am&rclk=1",+254 717 101010,የቤት ዕቃዎች መደብር,"·MRFX+5X5 Kelico Complex, Mombasa Road","['ቅዳሜ: 9ጥዋት–5ከሰዓት', 'እሑድ: Closed', 'ሰኞ: 9ጥዋት–5ከሰዓት', 'ማክሰኞ: 9ጥዋት–5ከሰዓት', 'ረቡዕ: 9ጥዋት–5ከሰዓት', 'ሐሙስ(Labour Day): 9ጥዋት–5ከሰዓትሰዓታት የተለያዩ ሊሆኑ ይችላሉ', 'ዓርብ: 9ጥዋት–5ከሰዓት']",http://www.fairdealfurniture.co.ke/,2025-04-26
30,Premier Furniture & Designs By Nanak. Furniture Makers in Nairobi Kenya,5.0(17),https://www.google.com/maps/place/Premier+Furniture+%26+Designs+By+Nanak.+Furniture+Makers+in+Nairobi+Kenya/data=!4m7!3m6!1s0x182f118c5318c817:0x39c94ed0e73dad8d!8m2!3d-1.3056894!4d36.8388693!16s%2Fg%2F11tx9894ny!19sChIJF8gYU4wRLxgRja0959BOyTk?authuser=0&hl=am&rclk=1,+254 722 746484,የቤት ዕቃዎች ሰሪ,"·Garage Road, Industrial Area, Off Dar Es Salaam Rd","['ቅዳሜ: 8ጥዋት–2ከሰዓት', 'እሑድ: Closed', 'ሰኞ: 8ጥዋት–4:30ከሰዓት', 'ማክሰኞ: 8ጥዋት–4:30ከሰዓት', 'ረቡዕ: 8ጥዋት–4:30ከሰዓት', 'ሐሙስ(Labour Day): 8ጥዋት–4:30ከሰዓትሰዓታት የተለያዩ ሊሆኑ ይችላሉ', 'ዓርብ: 8ጥዋት–4:30ከሰዓት']",N/A,2025-04-26
31,Hardwood Furnitures,5.0(20),https://www.google.com/maps/place/Hardwood+Furnitures/data=!4m7!3m6!1s0x182f10f1023601e1:0x5313562b4d07f387!8m2!3d-1.297088!4d36.8161511!16s%2Fg%2F11b7p_zb4r!19sChIJ4QE2AvEQLxgRh_MHTStWE1M?authuser=0&hl=am&rclk=1,+254 701 748201,የቢሮ ዕቃዎች መደብር,"·Flamingo Towers, Mara Rd, Parking 1","['ቅዳሜ: 9ጥዋት–1ከሰዓት', 'እሑድ: Closed', 'ሰኞ: 8ጥዋት–5ከሰዓት', 'ማክሰኞ: 8ጥዋት–5ከሰዓት', 'ረቡዕ: 8ጥዋት–5ከሰዓት', 'ሐሙስ(Labour Day): 8ጥዋት–5ከሰዓትሰዓታት የተለያዩ ሊሆኑ ይችላሉ', 'ዓርብ: 8ጥዋት–5ከሰዓት']",http://hardwoodfurnitures.co.ke/,2025-04-26
32,Ayanah Furniture & Interiors,4.0(42),https://www.google.com/maps/place/Ayanah+Furniture+%26+Interiors/data=!4m7!3m6!1s0x182f1b154ae984d5:0x7b79eb857dfc455a!8m2!3d-1.2642825!4d36.8056472!16s%2Fg%2F124stft7p!19sChIJ1YTpShUbLxgRWkX8fYXreXs?authuser=0&hl=am&rclk=1,+254 706 597107,የቤት ዕቃዎች መደብር,"·Bishan Plaza, Mpaka Rd","['ቅዳሜ: 9ጥዋት–5ከሰዓት', 'እሑድ: Closed', 'ሰኞ: 9ጥዋት–6ከሰዓት', 'ማክሰኞ: 9ጥዋት–6ከሰዓት', 'ረቡዕ: 9ጥዋት–6ከሰዓት', 'ሐሙስ(Labour Day): 9ጥዋት–6ከሰዓትሰዓታት የተለያዩ ሊሆኑ ይችላሉ', 'ዓርብ: 9ጥዋት–6ከሰዓት']",http://www.ayanah.co.ke/,2025-04-26
33,Sunny Daze Ltd,4.4(87),https://www.google.com/maps/place/Sunny+Daze+Ltd/data=!4m7!3m6!1s0x182f10a3e7fbb2e1:0x3739a223d841945e!8m2!3d-1.2516591!4d36.8049647!16s%2Fg%2F1tfdw6xt!19sChIJ4bL756MQLxgRXpRB2COiOTc?authuser=0&hl=am&rclk=1,+254 787 939968,Watengenezaji wa samani,·Peponi Gardens,"['ቅዳሜ: 8:30ጥዋት–5ከሰዓት', 'እሑድ: 10ጥዋት–3ከሰዓት', 'ሰኞ: 8:30ጥዋት–5ከሰዓት', 'ማክሰኞ: 8:30ጥዋት–5ከሰዓት', 'ረቡዕ: 8:30ጥዋት–5ከሰዓት', 'ሐሙስ(Labour Day): 8:30ጥዋት–5ከሰዓትሰዓታት የተለያዩ ሊሆኑ ይችላሉ', 'ዓርብ: 8:30ጥዋት–5ከሰዓት']",http://www.sunnydazekenya.com/,2025-04-26
34,"Istikbal Home Furniture, Mombasa Road",4.4(48),"https://www.google.com/maps/place/Istikbal+Home+Furniture,+Mombasa+Road/data=!4m7!3m6!1s0x182f111b6ef6d259:0xf4c771587cf8d20d!8m2!3d-1.3274315!4d36.8509703!16s%2Fg%2F11j3xc7jfj!19sChIJWdL2bhsRLxgRDdL4fFhxx_Q?authuser=0&hl=am&rclk=1",+254 790 551155,የቤት ዕቃዎች መደብር,"·Panesar's House, Mombasa Road",['N/A'],https://www.istikbalkenya.com/,2025-04-26
35,Furniture Choice Kenya,4.5(22),https://www.google.com/maps/place/Furniture+Choice+Kenya/data=!4m7!3m6!1s0x182f13bd7d14a77d:0x16eda07acc54d789!8m2!3d-1.3359568!4d36.8939329!16s%2Fg%2F11mvlpvsl6!19sChIJfacUfb0TLxgRiddUzHqg7RY?authuser=0&hl=am&rclk=1,+254 717 777813,የቢሮ ዕቃዎች መደብር,"·Cabanas, Along Mombasa Road, Red Commercial Center, Near Cabanas Bus Stop",['N/A'],http://furniturechoicekenya.com/,2025-04-26
36,Customized Furniture,5.0(3),https://www.google.com/maps/place/Customized+Furniture/data=!4m7!3m6!1s0x182f110406b7b42f:0x4f9002c1d3dfdf02!8m2!3d-1.2973132!4d36.8654309!16s%2Fg%2F11hfq6d8kv!19sChIJL7S3BgQRLxgRAt_f08ECkE8?authuser=0&hl=am&rclk=1,+254 724 459239,የቤት ዕቃዎች መደብር,N/A,"['ቅዳሜ: 8:12ጥዋት–6:12ከሰዓት', 'እሑድ: 8:12ጥዋት–6:12ከሰዓት', 'ሰኞ: 8:12ጥዋት–6:12ከሰዓት', 'ማክሰኞ: 8:12ጥዋት–6:12ከሰዓት', 'ረቡዕ: 8:12ጥዋት–6:12ከሰዓት', 'ሐሙስ(Labour Day): 8:12ጥዋት–6:12ከሰዓትሰዓታት የተለያዩ ሊሆኑ ይችላሉ', 'ዓርብ: 8:12ጥዋት–6:12ከሰዓት']",N/A,2025-04-26
37,Poa furniture enterprice,5.0(15),https://www.google.com/maps/place/Poa+furniture+enterprice/data=!4m7!3m6!1s0x182f17ed89a68a87:0xddad06027bdbdbd2!8m2!3d-1.2734549!4d36.8289027!16s%2Fg%2F11m9xgbd2x!19sChIJh4qmie0XLxgR0tvbewIGrd0?authuser=0&hl=am&rclk=1,+254 716 811405,Furniture manufacturer,·Desai Rd,"['ቅዳሜ: 8ጥዋት–5ከሰዓት', 'እሑድ: Closed', 'ሰኞ: 8ጥዋት–8:30ከሰዓት', 'ማክሰኞ: 8ጥዋት–8:30ከሰዓት', 'ረቡዕ: 8ጥዋት–8:30ከሰዓት', 'ሐሙስ(Labour Day): 8ጥዋት–8:30ከሰዓትሰዓታት የተለያዩ ሊሆኑ ይችላሉ', 'ዓርብ: 8ጥዋት–8:30ከሰዓት']",http://poafurniture.co.ke/,2025-04-26
38,BoConcept Nairobi,4.9(95),https://www.google.com/maps/place/BoConcept+Nairobi/data=!4m7!3m6!1s0x182f175d027d5ea3:0xbdc9bdc14df706e1!8m2!3d-1.2598944!4d36.7805612!16s%2Fg%2F11rfb3t3y7!19sChIJo159Al0XLxgR4Qb3TcG9yb0?authuser=0&hl=am&rclk=1,+254 768 670479,የቤት ዕቃዎች መደብር,N/A,"['ቅዳሜ: 10ጥዋት–6ከሰዓት', 'እሑድ: Closed', 'ሰኞ: 9ጥዋት–6ከሰዓት', 'ማክሰኞ: 9ጥዋት–6ከሰዓት', 'ረቡዕ: 9ጥዋት–6ከሰዓት', 'ሐሙስ(Labour Day): Closedየበዓል ሰዓታት', 'ዓርብ: 9ጥዋት–6ከሰዓት']",https://www.boconcept.com/en-ke,2025-04-26
39,"Fairdeal Furniture/Ashley Furniture HomeStore - Park View Heights, Msa Road",5.0(211),"https://www.google.com/maps/place/Fairdeal+Furniture%2FAshley+Furniture+HomeStore+-+Park+View+Heights,+Msa+Road/data=!4m7!3m6!1s0x182f119781274a9d:0x7d8df02e76f21052!8m2!3d-1.3230216!4d36.8450694!16s%2Fg%2F11rxm7yl39!19sChIJnUongZcRLxgRUhDydi7wjX0?authuser=0&hl=am&rclk=1",+254 104 101010,የቤት ዕቃዎች መደብር,·Mombasa Road,"['ቅዳሜ: 9ጥዋት–5ከሰዓት', 'እሑድ: Closed', 'ሰኞ: 9ጥዋት–5ከሰዓት', 'ማክሰኞ: 9ጥዋት–5ከሰዓት', 'ረቡዕ: 9ጥዋት–5ከሰዓት', 'ሐሙስ(Labour Day): 9ጥዋት–5ከሰዓትሰዓታት የተለያዩ ሊሆኑ ይችላሉ', 'ዓርብ: 9ጥዋት–5ከሰዓት']",https://www.fairdealfurniture.co.ke/,2025-04-26
40,Savannah Space,4.8(16),https://www.google.com/maps/place/Savannah+Space/data=!4m7!3m6!1s0x182f19c3161e0cfb:0xea5200c65b09f3f6!8m2!3d-1.2799377!4d36.7702149!16s%2Fg%2F11fwz2y84v!19sChIJ-wweFsMZLxgR9vMJW8YAUuo?authuser=0&hl=am&rclk=1,+254 793 626458,የቤት ዕቃዎች መደብር,N/A,"['ቅዳሜ: 10:30ጥዋት–4ከሰዓት', 'እሑድ: Closed', 'ሰኞ: 10:30ጥዋት–4ከሰዓት', 'ማክሰኞ: 10:30ጥዋት–4ከሰዓት', 'ረቡዕ: 10:30ጥዋት–4ከሰዓት', 'ሐሙስ(Labour Day): 10:30ጥዋት–4ከሰዓትሰዓታት የተለያዩ ሊሆኑ ይችላሉ', 'ዓርብ: 10:30ጥዋት–4ከሰዓት']",https://savannahspace.com/,2025-04-26
41,Used Furniture and Appliances Shop,4.2(5),https://www.google.com/maps/place/Used+Furniture+and+Appliances+Shop/data=!4m7!3m6!1s0x182f3fd8cce4e51f:0xbb63890399b2830!8m2!3d-1.2815095!4d36.9628286!16s%2Fg%2F11gmzm8jr1!19sChIJH-XkzNg_LxgRMCibOZA4tgs?authuser=0&hl=am&rclk=1,+254 704 311568,የቤት ዕቃዎች መደብር,N/A,"['ቅዳሜ: 8ጥዋት–8ከሰዓት', 'እሑድ: Closed', 'ሰኞ: 8ጥዋት–8ከሰዓት', 'ማክሰኞ: 8ጥዋት–8ከሰዓት', 'ረቡዕ: 8ጥዋት–8ከሰዓት', 'ሐሙስ(Labour Day): 8ጥዋት–8ከሰዓትየበዓል ሰዓታት', 'ዓርብ: 8ጥዋት–8ከሰዓት']",https://usedfurnitureshop.co.ke/,2025-04-26
42,Jogoo Road Furniture,4.5(4),https://www.google.com/maps/place/Jogoo+Road+Furniture/data=!4m7!3m6!1s0x182f1141cc69d41b:0x59314cfb4442f8d9!8m2!3d-1.2940459!4d36.8494689!16s%2Fg%2F11g0t89nxh!19sChIJG9RpzEERLxgR2fhCRPtMMVk?authuser=0&hl=am&rclk=1,N/A,የቤት ዕቃዎች መደብር,"·PR4X+9QQ, Jogoo Rd","['ቅዳሜ: 8ጥዋት–6ከሰዓት', 'እሑድ: Closed', 'ሰኞ: 8ጥዋት–6ከሰዓት', 'ማክሰኞ: 8ጥዋት–6ከሰዓት', 'ረቡዕ: 8ጥዋት–6ከሰዓት', 'ሐሙስ(Labour Day): 8ጥዋት–6ከሰዓትሰዓታት የተለያዩ ሊሆኑ ይችላሉ', 'ዓርብ: 8ጥዋት–6ከሰዓት']",https://business.google.com/create?fp=6427002785300150489&hl=am&authuser=0&gmbsrc=et-am-et-ip-z-gmb-s-z-l~mrc%7Cclaimbz%7Cu&ppsrc=GMBMI&utm_campaign=et-am-et-ip-z-gmb-s-z-l~mrc%7Cclaimbz%7Cu&utm_source=gmb_mrc81&utm_medium=et&getstarted&lis=0,2025-04-26
43,Imani Furniture Ngara,4.6(14),https://www.google.com/maps/place/Imani+Furniture+Ngara/data=!4m7!3m6!1s0x182f172f01f8fc45:0x50c920c91006c2e1!8m2!3d-1.2747514!4d36.819481!16s%2Fg%2F11f6l18_tb!19sChIJRfz4AS8XLxgR4cIGEMkgyVA?authuser=0&hl=am&rclk=1,+254 729 410235,የቤት ዕቃዎች መደብር,"·Nabro Towers Along Chambers Road, Near Ngara Road & Chambers Road Junction, Fig Tree, Near Think twice Second Hand Clothing",['N/A'],N/A,2025-04-26
44,Galore furniture kenya,5.0(9),https://www.google.com/maps/place/Galore+furniture+kenya/data=!4m7!3m6!1s0x182f1747b182647d:0x572b52f5d0bcd871!8m2!3d-1.272507!4d36.8278012!16s%2Fg%2F11l9zc71h1!19sChIJfWSCsUcXLxgRcdi80PVSK1c?authuser=0&hl=am&rclk=1,+254 724 802575,የቤት ዕቃዎች መደብር,·Desai Rd,"['ቅዳሜ: Closed', 'እሑድ: 8ጥዋት–7:30ከሰዓት', 'ሰኞ: 8ጥዋት–7:30ከሰዓት', 'ማክሰኞ: 8ጥዋት–7:30ከሰዓት', 'ረቡዕ: 8:30ጥዋት–7ከሰዓት', 'ሐሙስ(Labour Day): 8ጥዋት–7:30ከሰዓትሰዓታት የተለያዩ ሊሆኑ ይችላሉ', 'ዓርብ: 8ጥዋት–8ከሰዓት']",https://upsurgefurniture.co.ke/,2025-04-26
45,Mima Designs Furniture,4.2(14),https://www.google.com/maps/place/Mima+Designs+Furniture/data=!4m7!3m6!1s0x182f13c7184577fb:0x46a6386092dea668!8m2!3d-1.3049748!4d36.8896847!16s%2Fg%2F1yg4v7hgy!19sChIJ-3dFGMcTLxgRaKbekmA4pkY?authuser=0&hl=am&rclk=1,+254 700 921918,የቤት ዕቃዎች ሰሪ,"·Mima Centre, Behind Oilcom Petrol Station Donholm Area, Outer Ring Rd","['ቅዳሜ: 9ጥዋት–2ከሰዓት', 'እሑድ: Closed', 'ሰኞ: 9ጥዋት–6ከሰዓት', 'ማክሰኞ: 9ጥዋት–6ከሰዓት', 'ረቡዕ: 9ጥዋት–6ከሰዓት', 'ሐሙስ(Labour Day): 9ጥዋት–6ከሰዓትሰዓታት የተለያዩ ሊሆኑ ይችላሉ', 'ዓርብ: 9ጥዋት–6ከሰዓት']",http://www.mimadesignsfurniture.co.ke/,2025-04-26
46,Elegant Furniture,5.0(5),https://www.google.com/maps/place/Elegant+Furniture/data=!4m7!3m6!1s0x182f17379bb360b3:0xb008e0e2f313a679!8m2!3d-1.2769375!4d36.8275625!16s%2Fg%2F11wmzj475s!19sChIJs2CzmzcXLxgReaYT8-LgCLA?authuser=0&hl=am&rclk=1,+254 743 311339,የቢሮ ዕቃዎች መደብር,N/A,"['ቅዳሜ: 8ጥዋት–6ከሰዓት', 'እሑድ: Closed', 'ሰኞ: 7ጥዋት–6ከሰዓት', 'ማክሰኞ: 7ጥዋት–6ከሰዓት', 'ረቡዕ: 7ጥዋት–6ከሰዓት', 'ሐሙስ(Labour Day): 7ጥዋት–6ከሰዓትሰዓታት የተለያዩ ሊሆኑ ይችላሉ', 'ዓርብ: 7ጥዋት–6ከሰዓት']",https://www.elegantfurnitures.co.ke/,2025-04-26
47,Urban Furniture Kenya,5.0(5),https://www.google.com/maps/place/Urban+Furniture+Kenya/data=!4m7!3m6!1s0x182f13c93eee18a1:0x5042a8b9db37269e!8m2!3d-1.2906667!4d36.948211!16s%2Fg%2F11rx1g4rnc!19sChIJoRjuPskTLxgRniY327moQlA?authuser=0&hl=am&rclk=1,+254 726 604055,የቤት ዕቃዎች መደብር,N/A,"['ቅዳሜ: 9ጥዋት–6ከሰዓት', 'እሑድ: Closed', 'ሰኞ: 8:30ጥዋት–6:30ከሰዓት', 'ማክሰኞ: 8:30ጥዋት–6:30ከሰዓት', 'ረቡዕ: 8:30ጥዋት–6:30ከሰዓት', 'ሐሙስ(Labour Day): 8:30ጥዋት–6:30ከሰዓትሰዓታት የተለያዩ ሊሆኑ ይችላሉ', 'ዓርብ: 8:30ጥዋት–6:30ከሰዓት']",N/A,2025-04-26
48,NAIROBI MART FURNITURE,5.0(2),https://www.google.com/maps/place/NAIROBI+MART+FURNITURE/data=!4m7!3m6!1s0x182f1762092d7e5f:0xe741447275a45b4d!8m2!3d-1.2775256!4d36.8308982!16s%2Fg%2F11trdmm713!19sChIJX34tCWIXLxgRTVukdXJEQec?authuser=0&hl=am&rclk=1,+254 769 718200,የቤት ዕቃዎች መደብር,·Park Rd,"['ቅዳሜ: 9ጥዋት–7ከሰዓት', 'እሑድ: 11ጥዋት–3ከሰዓት', 'ሰኞ: 9ጥዋት–7ከሰዓት', 'ማክሰኞ: 9ጥዋት–7ከሰዓት', 'ረቡዕ: 9ጥዋት–7ከሰዓት', 'ሐሙስ(Labour Day): 9ጥዋት–7ከሰዓትሰዓታት የተለያዩ ሊሆኑ ይችላሉ', 'ዓርብ: 9ጥዋት–7ከሰዓት']",https://www.nairobimartwholesalers.co.ke/,2025-04-26
49,Kings furniture BBS MALL,5.0(6),https://www.google.com/maps/place/Kings+furniture+BBS+MALL/data=!4m7!3m6!1s0x182f1100563a7c1f:0xd0be568336c20818!8m2!3d-1.2795358!4d36.8476525!16s%2Fg%2F11lf1ps9cs!19sChIJH3w6VgARLxgRGAjCNoNWvtA?authuser=0&hl=am&rclk=1,+254 719 494465,የቤት ዕቃ አከፋፋይ,·general waruinge street,"['ቅዳሜ: 9ጥዋት–10:30ከሰዓት', 'እሑድ: 9ጥዋት–10:30ከሰዓት', 'ሰኞ: 9ጥዋት–10:30ከሰዓት', 'ማክሰኞ: 9ጥዋት–10:30ከሰዓት', 'ረቡዕ: 9ጥዋት–10:30ከሰዓት', 'ሐሙስ(Labour Day): 9ጥዋት–10:30ከሰዓትሰዓታት የተለያዩ ሊሆኑ ይችላሉ', 'ዓርብ: 9ጥዋት–10:30ከሰዓት']",https://kingsfurniture.co.ke/,2025-04-26
50,New hope furnitures ltd,4.3(3),https://www.google.com/maps/place/New+hope+furnitures+ltd/data=!4m7!3m6!1s0x182f1159c1d5a5b5:0x718a5013ec9d50e2!8m2!3d-1.2802277!4d36.8503514!16s%2Fg%2F11jjrxc3sd!19sChIJtaXVwVkRLxgR4lCd7BNQinE?authuser=0&hl=am&rclk=1,+254 722 154968,የቤት ዕቃዎች መደብር,·Eastliegh first Avenue,"['ቅዳሜ: 9ጥዋት–5ከሰዓት', 'እሑድ: 9ጥዋት–5ከሰዓት', 'ሰኞ: 9ጥዋት–5ከሰዓት', 'ማክሰኞ: 9ጥዋት–5ከሰዓት', 'ረቡዕ: 9ጥዋት–5ከሰዓት', 'ሐሙስ(Labour Day): 9ጥዋት–5ከሰዓትሰዓታት የተለያዩ ሊሆኑ ይችላሉ', 'ዓርብ: 9ጥዋት–5ከሰዓት']",N/A,2025-04-26
51,"Neilan Furniture Jiji, Nairobi",5.0(2),"https://www.google.com/maps/place/Neilan+Furniture+Jiji,+Nairobi/data=!4m7!3m6!1s0x182f1953f53324cd:0x9e8810f084168785!8m2!3d-1.265396!4d36.7410075!16s%2Fg%2F11vc07n7nb!19sChIJzSQz9VMZLxgRhYcWhPAQiJ4?authuser=0&hl=am&rclk=1",+254 704 688978,የቤት ዕቃዎች መደብር,"·Mountain View Mall, 1st Floor Waiyaki Wy","['ቅዳሜ: Closed', 'እሑድ: 9ጥዋት–9ከሰዓት', 'ሰኞ: 8:30ጥዋት–8ከሰዓት', 'ማክሰኞ: 8ጥዋት–8ከሰዓት', 'ረቡዕ: 8ጥዋት–8ከሰዓት', 'ሐሙስ(Labour Day): 8ጥዋት–8ከሰዓትሰዓታት የተለያዩ ሊሆኑ ይችላሉ', 'ዓርብ: 8ጥዋት–8ከሰዓት']",https://neilanfurniture.com/,2025-04-26
52,Upmega,4.6(51),https://www.google.com/maps/place/Upmega/data=!4m7!3m6!1s0x182f4179098aa507:0x741302c578f9667d!8m2!3d-1.1674619!4d36.9639613!16s%2Fg%2F11v18_bhkf!19sChIJB6WKCXlBLxgRfWb5eMUCE3Q?authuser=0&hl=am&rclk=1,+254 113 555342,የቤት ዕቃዎች መደብር,"·RXM7+2JJ, Eastern Bypass","['ቅዳሜ: 9:30ጥዋት–6ከሰዓት', 'እሑድ: 12–6ከሰዓት', 'ሰኞ: 9:30ጥዋት–6ከሰዓት', 'ማክሰኞ: 9:30ጥዋት–6ከሰዓት', 'ረቡዕ: 9:30ጥዋት–6ከሰዓት', 'ሐሙስ(Labour Day): 9:30ጥዋት–6ከሰዓትሰዓታት የተለያዩ ሊሆኑ ይችላሉ', 'ዓርብ: 9:30ጥዋት–6ከሰዓት']",https://www.upmega.co.ke/,2025-04-26
53,Makespace Functional Furniture,5.0(23),https://www.google.com/maps/place/Makespace+Functional+Furniture/data=!4m7!3m6!1s0x182f41c6f117c27b:0x317b0eed6165324f!8m2!3d-1.2568677!4d36.9853216!16s%2Fg%2F11f9xf02yf!19sChIJe8IX8cZBLxgRTzJlYe0OezE?authuser=0&hl=am&rclk=1,+254 718 316814,የቤት ዕቃዎች መደብር,·Eastern Bypass,"['ቅዳሜ: 8:30ጥዋት–5:30ከሰዓት', 'እሑድ: Closed', 'ሰኞ: 8:30ጥዋት–5:30ከሰዓት', 'ማክሰኞ: 8:30ጥዋት–5:30ከሰዓት', 'ረቡዕ: 8:30ጥዋት–5:30ከሰዓት', 'ሐሙስ(Labour Day): 8:30ጥዋት–5:30ከሰዓትሰዓታት የተለያዩ ሊሆኑ ይችላሉ', 'ዓርብ: 8:30ጥዋት–5:30ከሰዓት']",http://makespace.co.ke/,2025-04-26
54,Fast Choice Limited,4.6(26),https://www.google.com/maps/place/Fast+Choice+Limited/data=!4m7!3m6!1s0x182f118d0d6641b9:0xf73ecbfbba017850!8m2!3d-1.2824997!4d36.8176634!16s%2Fg%2F1pt_xnb25!19sChIJuUFmDY0RLxgRUHgBuvvLPvc?authuser=0&hl=am&rclk=1,+254 700 053808,የቢሮ ዕቃዎች መደብር,"·Uniafric House, 25 Koinange St","['ቅዳሜ: 9ጥዋት–1ከሰዓት', 'እሑድ: Closed', 'ሰኞ: 8ጥዋት–5ከሰዓት', 'ማክሰኞ: 8ጥዋት–5ከሰዓት', 'ረቡዕ: 8ጥዋት–5ከሰዓት', 'ሐሙስ(Labour Day): 8ጥዋት–5ከሰዓትሰዓታት የተለያዩ ሊሆኑ ይችላሉ', 'ዓርብ: 8ጥዋት–5ከሰዓት']",https://www.fastchoiceke.com/,2025-04-26
55,Trade Routes Furniture Collection Ltd,4.7(9),https://www.google.com/maps/place/Trade+Routes+Furniture+Collection+Ltd/data=!4m7!3m6!1s0x182f19b4f4325d73:0xb646bc924e4cb287!8m2!3d-1.2518216!4d36.7560917!16s%2Fg%2F11by_f6nst!19sChIJc10y9LQZLxgRh7JMTpK8RrY?authuser=0&hl=am&rclk=1,+254 718 044636,የቆየ የቤት ዕቃ መደብር,N/A,"['ቅዳሜ: 10ጥዋት–5ከሰዓት', 'እሑድ: 10ጥዋት–1:30ከሰዓት', 'ሰኞ: 10ጥዋት–5ከሰዓት', 'ማክሰኞ: 10ጥዋት–5ከሰዓት', 'ረቡዕ: 10ጥዋት–5ከሰዓት', 'ሐሙስ(Labour Day): 10ጥዋት–5ከሰዓትሰዓታት የተለያዩ ሊሆኑ ይችላሉ', 'ዓርብ: 10ጥዋት–5ከሰዓት']",http://www.traderoutesfurniture.com/,2025-04-26
56,URBAN SOFAS KENYA,3.9(34),https://www.google.com/maps/place/URBAN+SOFAS+KENYA/data=!4m7!3m6!1s0x182f3fe96b594c11:0x6a1c1768df9b7595!8m2!3d-1.1998247!4d36.8956201!16s%2Fg%2F11vbzbc0lr!19sChIJEUxZa-k_LxgRlXWb32gXHGo?authuser=0&hl=am&rclk=1,+254 714 283186,የቤት ዕቃዎች መደብር,N/A,"['ቅዳሜ: 9ጥዋት–7:30ከሰዓት', 'እሑድ: Closed', 'ሰኞ: 9ጥዋት–7:30ከሰዓት', 'ማክሰኞ: 9ጥዋት–7:30ከሰዓት', 'ረቡዕ: 8ጥዋት–7:30ከሰዓት', 'ሐሙስ(Labour Day): 9ጥዋት–7:30ከሰዓትሰዓታት የተለያዩ ሊሆኑ ይችላሉ', 'ዓርብ: 9ጥዋት–7:30ከሰዓት']",N/A,2025-04-26
57,Comfort Craft Furniture,5.0(7),https://www.google.com/maps/place/Comfort+Craft+Furniture/data=!4m7!3m6!1s0x182f1758c86dcb27:0xd38b449f20cc72d7!8m2!3d-1.2781236!4d36.8304167!16s%2Fg%2F11lz5k8y3g!19sChIJJ8ttyFgXLxgR13LMIJ9Ei9M?authuser=0&hl=am&rclk=1,+254 748 972044,የቤት ዕቃዎች መደብር,N/A,"['ቅዳሜ: 8ጥዋት–6ከሰዓት', 'እሑድ: Closed', 'ሰኞ: 8ጥዋት–6ከሰዓት', 'ማክሰኞ: 8ጥዋት–6ከሰዓት', 'ረቡዕ: 8ጥዋት–6ከሰዓት', 'ሐሙስ(Labour Day): 8ጥዋት–6ከሰዓትሰዓታት የተለያዩ ሊሆኑ ይችላሉ', 'ዓርብ: 8ጥዋት–6ከሰዓት']",https://comfortcraft.co.ke/,2025-04-26
58,Antarc Office Furniture and Flooring,4.0(191),https://www.google.com/maps/place/Antarc+Office+Furniture+and+Flooring/data=!4m7!3m6!1s0x182f173bef013053:0xb54f9830120387c0!8m2!3d-1.2689475!4d36.8096841!16s%2Fg%2F1v_hw9g8!19sChIJUzAB7zsXLxgRwIcDEjCYT7U?authuser=0&hl=am&rclk=1,+254 733 503500,የቢሮ ዕቃዎች መደብር,·62 Muthithi Rd,"['ቅዳሜ: 9ጥዋት–12ከሰዓት', 'እሑድ: Closed', 'ሰኞ: 9ጥዋት–5ከሰዓት', 'ማክሰኞ: 9ጥዋት–5ከሰዓት', 'ረቡዕ: 9ጥዋት–5ከሰዓት', 'ሐሙስ(Labour Day): 9ጥዋት–5ከሰዓትሰዓታት የተለያዩ ሊሆኑ ይችላሉ', 'ዓርብ: 9ጥዋት–5ከሰዓት']",http://www.antarc-ke.com/,2025-04-26
59,Dignity Furniture Showroom - Parklands Branch,3.4(17),https://www.google.com/maps/place/Dignity+Furniture+Showroom+-+Parklands+Branch/data=!4m7!3m6!1s0x182f17cd6ebb9fdb:0x1f8ca3be6ed4450e!8m2!3d-1.2708971!4d36.8125788!16s%2Fg%2F11tmhngf3v!19sChIJ25-7bs0XLxgRDkXUbr6jjB8?authuser=0&hl=am&rclk=1,+254 716 515151,የቤት ዕቃዎች መደብር,"·Broadwalk Mall, Ojijo Rd","['ቅዳሜ: 9ጥዋት–5ከሰዓት', 'እሑድ: 10ጥዋት–2ከሰዓት', 'ሰኞ: 9ጥዋት–5ከሰዓት', 'ማክሰኞ: 9ጥዋት–5ከሰዓት', 'ረቡዕ: 9ጥዋት–5ከሰዓት', 'ሐሙስ(Labour Day): 9ጥዋት–5ከሰዓትሰዓታት የተለያዩ ሊሆኑ ይችላሉ', 'ዓርብ: 9ጥዋት–5ከሰዓት']",http://www.dignity.co.ke/,2025-04-26
60,Infinity Furniture Ltd,4.3(7),https://www.google.com/maps/place/Infinity+Furniture+Ltd/data=!4m7!3m6!1s0x182f1709009aa491:0x43ab9350bd986f23!8m2!3d-1.262255!4d36.8068423!16s%2Fg%2F11gjncw1_l!19sChIJkaSaAAkXLxgRI2-YvVCTq0M?authuser=0&hl=am&rclk=1,+254 780 369000,የቢሮ ዕቃዎች መደብር,"·3rd Floor, West Point,, No.17 Mpaka Road,, Westlands, Nairobi, 1870 Mpaka Rd","['ቅዳሜ: 8:30ጥዋት–1ከሰዓት', 'እሑድ: Closed', 'ሰኞ: 8:30ጥዋት–5ከሰዓት', 'ማክሰኞ: 8:30ጥዋት–5ከሰዓት', 'ረቡዕ: 8:30ጥዋት–5ከሰዓት', 'ሐሙስ(Labour Day): 8:30ጥዋት–5ከሰዓትሰዓታት የተለያዩ ሊሆኑ ይችላሉ', 'ዓርብ: 8:30ጥዋት–5ከሰዓት']",https://infinity-ke.com/,2025-04-26
61,Nairobi furniture store,5.0(1),https://www.google.com/maps/place/Nairobi+furniture+store/data=!4m7!3m6!1s0x182f13ea27b7ed85:0xe2553ff8c87d2304!8m2!3d-1.3237858!4d36.8999616!16s%2Fg%2F11p0_wv5dj!19sChIJhe23J-oTLxgRBCN9yPg_VeI?authuser=0&hl=am&rclk=1,+254 728 440528,የቤት ዕቃዎች ሰሪ,N/A,['N/A'],N/A,2025-04-26
62,The Green Furniture Company,5.0(1),https://www.google.com/maps/place/The+Green+Furniture+Company/data=!4m7!3m6!1s0x182f1750f3d5cd7b:0x214e851405b94763!8m2!3d-1.2686788!4d36.7927218!16s%2Fg%2F11kl40ztrr!19sChIJe83V81AXLxgRY0e5BRSFTiE?authuser=0&hl=am&rclk=1,+254 787 334495,የቤት ዕቃዎች መደብር,N/A,"['ቅዳሜ: 8:30ጥዋት–5ከሰዓት', 'እሑድ: Closed', 'ሰኞ: 8:30ጥዋት–5ከሰዓት', 'ማክሰኞ: 8:30ጥዋት–5ከሰዓት', 'ረቡዕ: 8:30ጥዋት–5ከሰዓት', 'ሐሙስ(Labour Day): Closedየበዓል ሰዓታት', 'ዓርብ: 8:30ጥዋት–5ከሰዓት']",https://thegreenfurniturecompany.com/,2025-04-26
63,Furniture and home products for every budget,4.1(9),https://www.google.com/maps/place/Furniture+and+home+products+for+every+budget/data=!4m7!3m6!1s0x182f175997266a23:0xbc2b00e2b287c6d6!8m2!3d-1.2604367!4d36.8035447!16s%2Fg%2F11flpk_1j1!19sChIJI2oml1kXLxgR1saHsuIAK7w?authuser=0&hl=am&rclk=1,+254 719 876919,የቤት ዕቃዎች መደብር,·Westlands Commercial Centre Ring Road Parklands,['N/A'],N/A,2025-04-26
64,Dignity Furniture Showroom - Mlolongo Branch,4.5(24),https://www.google.com/maps/place/Dignity+Furniture+Showroom+-+Mlolongo+Branch/data=!4m7!3m6!1s0x182f0b87841df5e7:0x70502deff022d729!8m2!3d-1.418696!4d36.9525803!16s%2Fg%2F11hhz5jlv0!19sChIJ5_UdhIcLLxgRKdci8O8tUHA?authuser=0&hl=am&rclk=1,+254 754 444222,የቤት ዕቃዎች መደብር,"·Duldul Business Park Phase III, Mombasa Road","['ቅዳሜ: 9ጥዋት–5ከሰዓት', 'እሑድ: Closed', 'ሰኞ: 9ጥዋት–5ከሰዓት', 'ማክሰኞ: 9ጥዋት–5ከሰዓት', 'ረቡዕ: 9ጥዋት–5ከሰዓት', 'ሐሙስ(Labour Day): 9ጥዋት–5ከሰዓትሰዓታት የተለያዩ ሊሆኑ ይችላሉ', 'ዓርብ: 9ጥዋት–5ከሰዓት']",http://www.dignity.co.ke/,2025-04-26
65,Kikwetu Furniture,4.3(7),https://www.google.com/maps/place/Kikwetu+Furniture/data=!4m7!3m6!1s0x182f3da2d951d415:0x2c76c2fe127104a3!8m2!3d-1.2753432!4d36.8227217!16s%2Fg%2F11g2rf_y1q!19sChIJFdRR2aI9LxgRowRxEv7Cdiw?authuser=0&hl=am&rclk=1,+254 723 282828,የቤት ዕቃዎች መደብር,N/A,"['ቅዳሜ: 9ጥዋት–6ከሰዓት', 'እሑድ: Closed', 'ሰኞ: 9ጥዋት–6ከሰዓት', 'ማክሰኞ: 9ጥዋት–6ከሰዓት', 'ረቡዕ: 9ጥዋት–6ከሰዓት', 'ሐሙስ(Labour Day): 9ጥዋት–6ከሰዓትሰዓታት የተለያዩ ሊሆኑ ይችላሉ', 'ዓርብ: 9ጥዋት–6ከሰዓት']",https://www.facebook.com/kikwetufurnitures,2025-04-26
66,Furniture Kenya,4.3(4),https://www.google.com/maps/place/Furniture+Kenya/data=!4m7!3m6!1s0x182f16d1edb831e5:0x69498cce1a00fce0!8m2!3d-1.2749605!4d36.8346688!16s%2Fg%2F11c1x53044!19sChIJ5TG47dEWLxgR4PwAGs6MSWk?authuser=0&hl=am&rclk=1,+254 712 005392,የመገበያያ ስፍራ,"·Kirima & Sons Ltd, Muslim Rd","['ቅዳሜ: Closed', 'እሑድ: Closed', 'ሰኞ: 8ጥዋት–5:30ከሰዓት', 'ማክሰኞ: 8ጥዋት–5:30ከሰዓት', 'ረቡዕ: 8ጥዋት–5:30ከሰዓት', 'ሐሙስ(Labour Day): 8ጥዋት–5:30ከሰዓትሰዓታት የተለያዩ ሊሆኑ ይችላሉ', 'ዓርብ: 8ጥዋት–5:30ከሰዓት']",https://business.google.com/create?fp=7586749864109735136&hl=am&authuser=0&gmbsrc=et-am-et-ip-z-gmb-s-z-l~mrc%7Cclaimbz%7Cu&ppsrc=GMBMI&utm_campaign=et-am-et-ip-z-gmb-s-z-l~mrc%7Cclaimbz%7Cu&utm_source=gmb_mrc81&utm_medium=et&getstarted&lis=0,2025-04-26
67,furniture sofas,5.0(3),https://www.google.com/maps/place/furniture+sofas/data=!4m7!3m6!1s0x182f133cd3b6cb69:0xdcdf99e795b698bc!8m2!3d-1.297459!4d36.872114!16s%2Fg%2F11gs4n4cg0!19sChIJacu20zwTLxgRvJi2leeZ39w?authuser=0&hl=am&rclk=1,+254 710 856003,የሶፋ መደብር,·Jogoo road opposite makadara railway station,"['ቅዳሜ: Open 24 hours', 'እሑድ: Closed', 'ሰኞ: Open 24 hours', 'ማክሰኞ: Open 24 hours', 'ረቡዕ: Open 24 hours', 'ሐሙስ(Labour Day): Open 24 hoursሰዓታት የተለያዩ ሊሆኑ ይችላሉ', 'ዓርብ: Open 24 hours']",N/A,2025-04-26
68,Outdoor Furniture Kenya,4.4(7),https://www.google.com/maps/place/Outdoor+Furniture+Kenya/data=!4m7!3m6!1s0x182f17da481115ab:0x5ef19c72c1394cae!8m2!3d-1.3376945!4d36.8939931!16s%2Fg%2F11sgp2l3mv!19sChIJqxURSNoXLxgRrkw5wXKc8V4?authuser=0&hl=am&rclk=1,+254 748 961444,የቤት ዕቃዎች መደብር,"·Kay Godowns B11, Mombasa Road","['ቅዳሜ: 9ጥዋት–2ከሰዓት', 'እሑድ: Closed', 'ሰኞ: 9ጥዋት–5ከሰዓት', 'ማክሰኞ: 9ጥዋት–5ከሰዓት', 'ረቡዕ: 9ጥዋት–5ከሰዓት', 'ሐሙስ(Labour Day): Closedየበዓል ሰዓታት', 'ዓርብ: 9ጥዋት–5ከሰዓት']",https://outdoorfurniturekenya.com/,2025-04-26
69,Just Save Furniture,5.0(4),https://www.google.com/maps/place/Just+Save+Furniture/data=!4m7!3m6!1s0x182f176551375373:0xceadf97b34ec233f!8m2!3d-1.2713572!4d36.8298616!16s%2Fg%2F11vll_08ls!19sChIJc1M3UWUXLxgRPyPsNHv5rc4?authuser=0&hl=am&rclk=1,+254 728 337000,የቤት ዕቃዎች መደብር,·Lome Rd,"['ቅዳሜ: Open 24 hours', 'እሑድ: 9ጥዋት–8:17ከሰዓት', 'ሰኞ: Open 24 hours', 'ማክሰኞ: Open 24 hours', 'ረቡዕ: Open 24 hours', 'ሐሙስ(Labour Day): Open 24 hoursሰዓታት የተለያዩ ሊሆኑ ይችላሉ', 'ዓርብ: Open 24 hours']",http://www.nairobimartwholesalers.co.ke/,2025-04-26
70,Wayfair furniture,5.0(1),https://www.google.com/maps/place/Wayfair+furniture/data=!4m7!3m6!1s0x182f17800bdde497:0x3b7d94febfa31d2!8m2!3d-1.2783309!4d36.8300556!16s%2Fg%2F11q2xjc_lq!19sChIJl-TdC4AXLxgR0jH660_ZtwM?authuser=0&hl=am&rclk=1,+254 725 944756,የቤት ዕቃዎች መደብር,N/A,"['ቅዳሜ: 8ጥዋት–7:30ከሰዓት', 'እሑድ: Closed', 'ሰኞ: 7ጥዋት–8ከሰዓት', 'ማክሰኞ: 7ጥዋት–8ከሰዓት', 'ረቡዕ: 7ጥዋት–8ከሰዓት', 'ሐሙስ(Labour Day): 7ጥዋት–8ከሰዓትሰዓታት የተለያዩ ሊሆኑ ይችላሉ', 'ዓርብ: 7ጥዋት–8ከሰዓት']",http://www.wayfair.com/,2025-04-26
71,Jimpass Nairobi Furniture,5.0(1),https://www.google.com/maps/place/Jimpass+Nairobi+Furniture/data=!4m7!3m6!1s0x182f11fea15f521d:0x2a28143f08935c02!8m2!3d-1.2994605!4d36.7906854!16s%2Fg%2F11rd30jsfh!19sChIJHVJfof4RLxgRAlyTCD8UKCo?authuser=0&hl=am&rclk=1,+254 712 089391,የቤት ዕቃዎች መደብር,"·Race course, Ngong Rd","['ቅዳሜ: 6ጥዋት–6ከሰዓት', 'እሑድ: Closed', 'ሰኞ: 6ጥዋት–6ከሰዓት', 'ማክሰኞ: 6ጥዋት–6ከሰዓት', 'ረቡዕ: 6ጥዋት–6ከሰዓት', 'ሐሙስ(Labour Day): 6ጥዋት–6ከሰዓትሰዓታት የተለያዩ ሊሆኑ ይችላሉ', 'ዓርብ: 6ጥዋት–6ከሰዓት']",N/A,2025-04-26
72,Hirleys Furniture Ltd,5.0(3),https://www.google.com/maps/place/Hirleys+Furniture+Ltd/data=!4m7!3m6!1s0x182f111e304200e1:0x2310a816227c1fda!8m2!3d-1.3321706!4d36.8576289!16s%2Fg%2F11hf4s6vqc!19sChIJ4QBCMB4RLxgR2h98IhaoECM?authuser=0&hl=am&rclk=1,+254 734 122000,የመጠጥ እና ምግብ ቤት ዕቃዎች መደብር,"·Subaru Kenya compound, Aryan centre, Mombasa Road","['ቅዳሜ: 8ጥዋት–12ከሰዓት', 'እሑድ: Closed', 'ሰኞ: 8ጥዋት–5ከሰዓት', 'ማክሰኞ: 8ጥዋት–5ከሰዓት', 'ረቡዕ: 8ጥዋት–5ከሰዓት', 'ሐሙስ(Labour Day): 8ጥዋት–5ከሰዓትሰዓታት የተለያዩ ሊሆኑ ይችላሉ', 'ዓርብ: 8ጥዋት–5ከሰዓት']",http://www.hirleysfurniture.com/,2025-04-26
73,Parkroad Furniture,4.3(3),https://www.google.com/maps/place/Parkroad+Furniture/data=!4m7!3m6!1s0x182f16da5b796da5:0xf1c46444b4274d01!8m2!3d-1.2704543!4d36.8325515!16s%2Fg%2F1tj9wlxy!19sChIJpW15W9oWLxgRAU0ntERkxPE?authuser=0&hl=am&rclk=1,N/A,የቤት ዕቃዎች መደብር,"·PRHM+R27, Park Rd","['ቅዳሜ: 8ጥዋት–6ከሰዓት', 'እሑድ: Closed', 'ሰኞ: 8ጥዋት–6ከሰዓት', 'ማክሰኞ: 8ጥዋት–6ከሰዓት', 'ረቡዕ: 8ጥዋት–6ከሰዓት', 'ሐሙስ(Labour Day): 8ጥዋት–6ከሰዓትሰዓታት የተለያዩ ሊሆኑ ይችላሉ', 'ዓርብ: 8ጥዋት–6ከሰዓት']",https://business.google.com/create?fp=17421159504818949377&hl=am&authuser=0&gmbsrc=et-am-et-ip-z-gmb-s-z-l~mrc%7Cclaimbz%7Cu&ppsrc=GMBMI&utm_campaign=et-am-et-ip-z-gmb-s-z-l~mrc%7Cclaimbz%7Cu&utm_source=gmb_mrc81&utm_medium=et&getstarted&lis=0,2025-04-26
74,Barwes Households Items,5.0(1),https://www.google.com/maps/place/Barwes+Households+Items/data=!4m7!3m6!1s0x182f170001d6a425:0x476f5562b1340646!8m2!3d-1.272545!4d36.8398293!16s%2Fg%2F11j297p5wp!19sChIJJaTWAQAXLxgRRgY0sWJVb0c?authuser=0&hl=am&rclk=1,+254 723 558134,ያገለገሉ የቤት ዕቃዎች መደብር,N/A,"['ቅዳሜ: 6:30ጥዋት–7ከሰዓት', 'እሑድ: 6:30ጥዋት–7ከሰዓት', 'ሰኞ: 6:30ጥዋት–7ከሰዓት', 'ማክሰኞ: 6:30ጥዋት–7ከሰዓት', 'ረቡዕ: 6:30ጥዋት–7ከሰዓት', 'ሐሙስ(Labour Day): 6:30ጥዋት–7ከሰዓትሰዓታት የተለያዩ ሊሆኑ ይችላሉ', 'ዓርብ: 6:30ጥዋት–7ከሰዓት']",https://business.google.com/create?fp=5147426781475898950&hl=am&authuser=0&gmbsrc=et-am-et-ip-z-gmb-s-z-l~mrc%7Cclaimbz%7Cu&ppsrc=GMBMI&utm_campaign=et-am-et-ip-z-gmb-s-z-l~mrc%7Cclaimbz%7Cu&utm_source=gmb_mrc81&utm_medium=et&getstarted&lis=0,2025-04-26
75,Niah By Design,5.0(16),https://www.google.com/maps/place/Niah+By+Design/data=!4m7!3m6!1s0x182f11b8a2e98ea9:0x22e696ebff04121e!8m2!3d-1.3060015!4d36.8251321!16s%2Fg%2F11nns0g6fp!19sChIJqY7porgRLxgRHhIE_-uW5iI?authuser=0&hl=am&rclk=1,+254 792 333729,የቤት ዕቃዎች መደብር,·Kisauni Rd,"['ቅዳሜ: 9ጥዋት–4ከሰዓት', 'እሑድ: Closed', 'ሰኞ: 9ጥዋት–4ከሰዓት', 'ማክሰኞ: 9ጥዋት–4ከሰዓት', 'ረቡዕ: 9ጥዋት–4ከሰዓት', 'ሐሙስ(Labour Day): 9ጥዋት–4ከሰዓትሰዓታት የተለያዩ ሊሆኑ ይችላሉ', 'ዓርብ: 9ጥዋት–4ከሰዓት']",https://instagram.com/niahbydesign?utm_medium=copy_link,2025-04-26
76,Mt Kenya Furnitures Ltd,5.0(1),https://www.google.com/maps/place/Mt+Kenya+Furnitures+Ltd/data=!4m7!3m6!1s0x182f172a1b706b2f:0x15f0abe10e970b5b!8m2!3d-1.2716108!4d36.8291525!16s%2Fg%2F12qfwrhhw!19sChIJL2twGyoXLxgRWwuXDuGr8BU?authuser=0&hl=am&rclk=1,+254 723 295349,የቤት ዕቃዎች መደብር,"·Kensia House, Murang'a Rd","['ቅዳሜ: 9ጥዋት–3ከሰዓት', 'እሑድ: Closed', 'ሰኞ: 8:30ጥዋት–12ከሰዓት', 'ማክሰኞ: 8:30ጥዋት–5:30ከሰዓት', 'ረቡዕ: 8:30ጥዋት–5:30ከሰዓት', 'ሐሙስ(Labour Day): 8:30ጥዋት–5:30ከሰዓትሰዓታት የተለያዩ ሊሆኑ ይችላሉ', 'ዓርብ: 8:30ጥዋት–5:30ከሰዓት']",http://www.mtkenyafurnitures.co.ke/,2025-04-26
77,Classic furniture center,5.0(1),https://www.google.com/maps/place/Classic+furniture+center/data=!4m7!3m6!1s0x182f17d3b7cbfb73:0xbf01fe8b309b08f3!8m2!3d-1.2761839!4d36.82961!16s%2Fg%2F11qqvbl98b!19sChIJc_vLt9MXLxgR8wibMIv-Ab8?authuser=0&hl=am&rclk=1,+254 724 064537,የቤት ዕቃዎች መደብር,·Desai Rd,"['ቅዳሜ: 8ጥዋት–6ከሰዓት', 'እሑድ: Closed', 'ሰኞ: 8ጥዋት–6ከሰዓት', 'ማክሰኞ: 8ጥዋት–6ከሰዓት', 'ረቡዕ: 8ጥዋት–6ከሰዓት', 'ሐሙስ(Labour Day): 8ጥዋት–6ከሰዓትሰዓታት የተለያዩ ሊሆኑ ይችላሉ', 'ዓርብ: 8ጥዋት–6ከሰዓት']",N/A,2025-04-26
78,My Rustic Place LTD,4.1(9),https://www.google.com/maps/place/My+Rustic+Place+LTD/data=!4m7!3m6!1s0x182f1138202c44f9:0x484cb8ef116a976c!8m2!3d-1.278937!4d36.777798!16s%2Fg%2F11rcq61xgx!19sChIJ-UQsIDgRLxgRbJdqEe-4TEg?authuser=0&hl=am&rclk=1,+254 768 288608,የአገር ቤት ዕቃዎች መደብር,N/A,"['ቅዳሜ: Closed', 'እሑድ: 10ጥዋት–6ከሰዓት', 'ሰኞ: 9ጥዋት–8ከሰዓት', 'ማክሰኞ: 9ጥዋት–8ከሰዓት', 'ረቡዕ: 9ጥዋት–8ከሰዓት', 'ሐሙስ(Labour Day): 9ጥዋት–8ከሰዓትሰዓታት የተለያዩ ሊሆኑ ይችላሉ', 'ዓርብ: 9ጥዋት–8ከሰዓት']",http://www.myrusticplace.com/,2025-04-26
79,Sofya Furniture Store Ltd - KAREN,4.5(6),https://www.google.com/maps/place/Sofya+Furniture+Store+Ltd+-+KAREN/data=!4m7!3m6!1s0x182f1b7082746ca3:0xbbe8a147c465df4d!8m2!3d-1.3293619!4d36.7147361!16s%2Fg%2F11t9lm_8gf!19sChIJo2x0gnAbLxgRTd9lxEeh6Ls?authuser=0&hl=am&rclk=1,+254 769 169193,የቤት ዕቃዎች መደብር,N/A,"['ቅዳሜ: 9ጥዋት–6ከሰዓት', 'እሑድ: 11ጥዋት–6ከሰዓት', 'ሰኞ: 9ጥዋት–6ከሰዓት', 'ማክሰኞ: 9ጥዋት–6ከሰዓት', 'ረቡዕ: 9ጥዋት–6ከሰዓት', 'ሐሙስ(Labour Day): 9ጥዋት–6ከሰዓትሰዓታት የተለያዩ ሊሆኑ ይችላሉ', 'ዓርብ: 9ጥዋት–6ከሰዓት']",http://www.sofya.store/,2025-04-26
80,J&B Furniture,5.0(1),https://www.google.com/maps/place/J%26B+Furniture/data=!4m7!3m6!1s0x182f17565bbe8f35:0x60e4edc5790ef2f0!8m2!3d-1.2782111!4d36.8292748!16s%2Fg%2F11h5x0h8gk!19sChIJNY--W1YXLxgR8PIOecXt5GA?authuser=0&hl=am&rclk=1,+254 719 629072,የቤት ዕቃዎች መደብር,"·City View Plaza, Musindi Rd","['ቅዳሜ: 8:30ጥዋት–6ከሰዓት', 'እሑድ: 10:30ጥዋት–4ከሰዓት', 'ሰኞ: 8:30ጥዋት–5:30ከሰዓት', 'ማክሰኞ: 8:30ጥዋት–5:30ከሰዓት', 'ረቡዕ: 8:30ጥዋት–5:30ከሰዓት', 'ሐሙስ(Labour Day): 8:30ጥዋት–5:30ከሰዓትሰዓታት የተለያዩ ሊሆኑ ይችላሉ', 'ዓርብ: 8:30ጥዋት–5:30ከሰዓት']",N/A,2025-04-26
81,MonDee Quality Furniture Nairobi Kenya,5.0(1),https://www.google.com/maps/place/MonDee+Quality+Furniture+Nairobi+Kenya/data=!4m7!3m6!1s0x182f17d4ea3c6477:0x93fa90eaa565ea17!8m2!3d-1.2772627!4d36.8300684!16s%2Fg%2F11v0vjlb49!19sChIJd2Q86tQXLxgRF-plpeqQ-pM?authuser=0&hl=am&rclk=1,+254 725 408418,Msambazaji wa Samani Zinazowekwa Kwenye Kuta au Sakafu,"·Desai Road Near Western Mart Supermarket, Ngara","['ቅዳሜ: 8:30ጥዋት–5ከሰዓት', 'እሑድ: Closed', 'ሰኞ: 8ጥዋት–5ከሰዓት', 'ማክሰኞ: 8ጥዋት–5ከሰዓት', 'ረቡዕ: 8ጥዋት–5ከሰዓት', 'ሐሙስ(Labour Day): 8ጥዋት–5ከሰዓትሰዓታት የተለያዩ ሊሆኑ ይችላሉ', 'ዓርብ: 8ጥዋት–5ከሰዓት']",https://business.google.com/create?fp=10662994405224737303&hl=am&authuser=0&gmbsrc=et-am-et-ip-z-gmb-s-z-l~mrc%7Cclaimbz%7Cu&ppsrc=GMBMI&utm_campaign=et-am-et-ip-z-gmb-s-z-l~mrc%7Cclaimbz%7Cu&utm_source=gmb_mrc81&utm_medium=et&getstarted&lis=0,2025-04-26
82,Bidii Furniture,5.0(3),https://www.google.com/maps/place/Bidii+Furniture/data=!4m7!3m6!1s0x182f16d0dfe31fa7:0x7d7dac5dfb08a14b!8m2!3d-1.2735827!4d36.8316761!16s%2Fg%2F1tdty48n!19sChIJpx_j39AWLxgRS6EI-12sfX0?authuser=0&hl=am&rclk=1,+254 710 815151,የቤት ዕቃዎች መደብር,N/A,"['ቅዳሜ: 8ጥዋት–6ከሰዓት', 'እሑድ: Closed', 'ሰኞ: 8ጥዋት–6ከሰዓት', 'ማክሰኞ: 8ጥዋት–6ከሰዓት', 'ረቡዕ: 8ጥዋት–6ከሰዓት', 'ሐሙስ(Labour Day): 8ጥዋት–6ከሰዓትሰዓታት የተለያዩ ሊሆኑ ይችላሉ', 'ዓርብ: 8ጥዋት–6ከሰዓት']",https://business.google.com/create?fp=9042573146473406795&hl=am&authuser=0&gmbsrc=et-am-et-ip-z-gmb-s-z-l~mrc%7Cclaimbz%7Cu&ppsrc=GMBMI&utm_campaign=et-am-et-ip-z-gmb-s-z-l~mrc%7Cclaimbz%7Cu&utm_source=gmb_mrc81&utm_medium=et&getstarted&lis=0,2025-04-26
83,Easy - Deal Furniture,5.0(1),https://www.google.com/maps/place/Easy+-+Deal+Furniture/data=!4m7!3m6!1s0x182f16d5c124d9e3:0x80ee7d4871aa049d!8m2!3d-1.2764975!4d36.8265137!16s%2Fg%2F1w604btf!19sChIJ49kkwdUWLxgRnQSqcUh97oA?authuser=0&hl=am&rclk=1,N/A,የቤት ዕቃዎች መደብር,"·PRFG+CJ2 Kiambaa Properties Co. Building, Ngara Rd","['ቅዳሜ: 8ጥዋት–6:30ከሰዓት', 'እሑድ: Closed', 'ሰኞ: 8ጥዋት–6:30ከሰዓት', 'ማክሰኞ: 8ጥዋት–6:30ከሰዓት', 'ረቡዕ: 8ጥዋት–6:30ከሰዓት', 'ሐሙስ(Labour Day): 8ጥዋት–6:30ከሰዓትሰዓታት የተለያዩ ሊሆኑ ይችላሉ', 'ዓርብ: 8ጥዋት–6:30ከሰዓት']",https://business.google.com/create?fp=9290500831409996957&hl=am&authuser=0&gmbsrc=et-am-et-ip-z-gmb-s-z-l~mrc%7Cclaimbz%7Cu&ppsrc=GMBMI&utm_campaign=et-am-et-ip-z-gmb-s-z-l~mrc%7Cclaimbz%7Cu&utm_source=gmb_mrc81&utm_medium=et&getstarted&lis=0,2025-04-26
84,Kully Kully Online Furniture & Households,5.0(7),https://www.google.com/maps/place/Kully+Kully+Online+Furniture+%26+Households/data=!4m7!3m6!1s0x182f1157736bf293:0x5976c77f6ac9148d!8m2!3d-1.2808497!4d36.8509501!16s%2Fg%2F11pdwf58ns!19sChIJk_Jrc1cRLxgRjRTJan_Hdlk?authuser=0&hl=am&rclk=1,+254 717 200888,Furniture accessories supplier,·First Avenue,"['ቅዳሜ: 9ጥዋት–5:30ከሰዓት', 'እሑድ: 9ጥዋት–5:30ከሰዓት', 'ሰኞ: 9ጥዋት–5:30ከሰዓት', 'ማክሰኞ: 9ጥዋት–5:30ከሰዓት', 'ረቡዕ: 9ጥዋት–5:30ከሰዓት', 'ሐሙስ(Labour Day): 9ጥዋት–5:30ከሰዓትሰዓታት የተለያዩ ሊሆኑ ይችላሉ', 'ዓርብ: 9ጥዋት–5:30ከሰዓት']",http://www.kullykully.com/,2025-04-26
85,Office furniture ngara,5.0(2),https://www.google.com/maps/place/Office+furniture+ngara/data=!4m7!3m6!1s0x182f17be75cd831b:0xac68349fb983ad4!8m2!3d-1.2761525!4d36.8250785!16s%2Fg%2F11mw0s30bk!19sChIJG4PNdb4XLxgR1DqY-0mDxgo?authuser=0&hl=am&rclk=1,+254 714 980665,የቢሮ ዕቃዎች መደብር,N/A,['N/A'],N/A,2025-04-26
86,Tivui,3.6(32),https://www.google.com/maps/place/Tivui/data=!4m7!3m6!1s0x182f17044ad6fa2d:0xe8d4afd53978ded3!8m2!3d-1.2759777!4d36.8242972!16s%2Fg%2F11stwj31n9!19sChIJLfrWSgQXLxgR0954OdWv1Og?authuser=0&hl=am&rclk=1,+254 791 799437,የኢ-ኮሜርስ አገልግሎት,"·Ngara, Figtree, next to Asili Sacco., Opposite Arya Vedic school","['ቅዳሜ: 7ጥዋት–10ከሰዓት', 'እሑድ: 7ጥዋት–10ከሰዓት', 'ሰኞ: 7ጥዋት–10ከሰዓት', 'ማክሰኞ: 7:30ጥዋት–10ከሰዓት', 'ረቡዕ: 7ጥዋት–10ከሰዓት', 'ሐሙስ(Labour Day): 7ጥዋት–10ከሰዓትሰዓታት የተለያዩ ሊሆኑ ይችላሉ', 'ዓርብ: 7ጥዋት–10ከሰዓት']",http://www.tivui.co.ke/,2025-04-26
87,Gee Furniture Ke,5.0(7),https://www.google.com/maps/place/Gee+Furniture+Ke/data=!4m7!3m6!1s0x182f1725615fb41f:0xe9c44debace716e3!8m2!3d-1.2763368!4d36.8297129!16s%2Fg%2F11ftw2209m!19sChIJH7RfYSUXLxgR4xbnrOtNxOk?authuser=0&hl=am&rclk=1,+254 705 067567,የቤት ዕቃዎች መደብር,·Desai Road,"['ቅዳሜ: 8ጥዋት–6:30ከሰዓት', 'እሑድ: 10ጥዋት–6:30ከሰዓት', 'ሰኞ: 8ጥዋት–6:30ከሰዓት', 'ማክሰኞ: 8ጥዋት–6:30ከሰዓት', 'ረቡዕ: 8ጥዋት–6:30ከሰዓት', 'ሐሙስ(Labour Day): 8ጥዋት–6:30ከሰዓትሰዓታት የተለያዩ ሊሆኑ ይችላሉ', 'ዓርብ: 8ጥዋት–6:30ከሰዓት']",N/A,2025-04-26
88,The Design Gallery,3.5(11),https://www.google.com/maps/place/The+Design+Gallery/data=!4m7!3m6!1s0x182f1715a09def5f:0xbcf9f7e6f6fb3230!8m2!3d-1.2628509!4d36.8057882!16s%2Fg%2F11hzhdz993!19sChIJX--doBUXLxgRMDL79ub3-bw?authuser=0&hl=am&rclk=1,+254 704 650989,የቤት ዕቃዎች መደብር,"·Victoria Courts Building, 09 Parklands Rd","['ቅዳሜ: 8ጥዋት–6:30ከሰዓት', 'እሑድ: 10ጥዋት–6:30ከሰዓት', 'ሰኞ: 8ጥዋት–6:30ከሰዓት', 'ማክሰኞ: 8ጥዋት–6:30ከሰዓት', 'ረቡዕ: 8ጥዋት–6:30ከሰዓት', 'ሐሙስ(Labour Day): 8ጥዋት–6:30ከሰዓትሰዓታት የተለያዩ ሊሆኑ ይችላሉ', 'ዓርብ: 8ጥዋት–6:30ከሰዓት']",N/A,2025-04-26
89,TAPL Office Furnitures,4.8(5),https://www.google.com/maps/place/TAPL+Office+Furnitures/data=!4m7!3m6!1s0x182f11aa6b527df1:0x3fa285a38b0e57b5!8m2!3d-1.3139375!4d36.8176875!16s%2Fg%2F11h3jhgt60!19sChIJ8X1Sa6oRLxgRtVcOi6OFoj8?authuser=0&hl=am&rclk=1,+254 710 553671,የቢሮ ዕቃዎች መደብር,N/A,"['ቅዳሜ: 9ጥዋት–2ከሰዓት', 'እሑድ: Closed', 'ሰኞ: 8ጥዋት–5ከሰዓት', 'ማክሰኞ: 8ጥዋት–5ከሰዓት', 'ረቡዕ: 8ጥዋት–5ከሰዓት', 'ሐሙስ(Labour Day): 8ጥዋት–5ከሰዓትሰዓታት የተለያዩ ሊሆኑ ይችላሉ', 'ዓርብ: 8ጥዋት–5ከሰዓት']",https://taplofficefurnitures.co.ke/,2025-04-26
